date,summ,Квартира,s1,Харчування,s2,Транспорт,s3,Інтернет,s4,Мобільний звязок,s5,Одежа,s6,Медикаменти,s7,Покупка техніки,s8,Відпочинок і подорожі,s9,Подарунки и дні народження,s10,Інше,s11,Автомобіль,s12,Навчання,s13,Дохід,s14
2-янв.-2014,"0,00",,,,,,,,,,,,,,,,,,,,,,,,,,,,4355
3-янв.-2014,"0,00",,,,,,,,,,,,,,,,,,,,,,,,,,,,
4-янв.-2014,"0,00",,,,,,,,,,,,,,,,,,,,,,,,,,,,
5-янв.-2014,"0,00",,,,,,,,,,,,,,,,,,,,,,,,,,,,
6-янв.-2014,"57,70",,,чай +обід,"10,70",Білет до Братислави,"45,00",,,,,,,,,,,,,,,покупки,"2,00",,,,,,
7-янв.-2014,"20,00",,,,,,,,,Orange dobitije kredytu,"20,00",,,,,,,,,,,,,,,,,,
8-янв.-2014,"19,49",,,"obed(6.30) hrusky(1,19) caj(2)","9,49",,,,,,,,,,,,,,,,,nakupy,"10,00",,,,,,
9-янв.-2014,"52,38",,,,,Cestovne listky,"52,38",,,,,,,,,,,,,,,,,,,,,,
10-янв.-2014,"12,90",,,Obed,"11,50",MHD,"1,40",,,,,,,,,,,,,,,,,,,,,,
11-янв.-2014,"1 145,00","Najomne
(400+440+298)","1 138,00",,,,,,,,,,,,,,,,,,, nakupy,"7,00",,,,,,
12-янв.-2014,"0,00",,,,,,,,,,,,,,,,,,,,,,,,,,,,
13-янв.-2014,"43,98",,,"kave+tea(918Ft)
Billa(18,57Eur)","21,57",ematrica(2975Ft),"9,76",,,,,saty,"12,00",,,,,,,,,WC(200Ft),"0,65",,,,,,
14-янв.-2014,"0,00",,,,,,,,,,,,,,,,,,,,,,,,,,,,
15-янв.-2014,"0,00",,,,,,,,,,,,,,,,,,,,,,,,,,,,
16-янв.-2014,"0,00",,,,,,,,,,,,,,,,,,,,,,,,,,,,
17-янв.-2014,"34,95",,,,,Benzin(10652Ft),"34,95",,,,,,,,,,,,,,,,,,,,,,
18-янв.-2014,"0,00",,,,,,,,,,,,,,,,,,,,,,,,,,,,
19-янв.-2014,"2,20",,,obed,"2,20",,,,,,,,,,,,,,,,,,,,,,,,
20-янв.-2014,"16,00",,,Billa,"5,00",,,,,,,,,,,,,,,,,Ikea,"11,00",,,,,,
21-янв.-2014,"8,19",,,Lidl,"8,19",,,,,,,,,,,,,,,,,,,,,,,,
22-янв.-2014,"0,00",,,,,,,,,,,,,,,,,,,,,,,,,,,,
23-янв.-2014,"3,60",,,Obed Myr,"3,60",,,,,,,,,,,,,,,,,,,,,,,,
24-янв.-2014,"460,52",Najomne,"440,00",,,,,,,Julia Orange,"8,00",,,,,,,,,,,"do kupelky(5.13), rozne drobnosty (7.39)","12,52",,,,,,
25-янв.-2014,"15,46",,,Lidl,"15,46",,,,,,,,,,,,,,,,,,,,,,,,
26-янв.-2014,"0,00",,,,,,,,,,,,,,,,,,,,,,,,,,,,
27-янв.-2014,"2,84",,,Billa,"2,84",,,,,,,,,,,,,,,,,,,,,,,,
28-янв.-2014,"11,36",,,Lidl,"11,36",,,,,,,,,,,,,,,,,,,,,,,,
29-янв.-2014,"0,00",,,,,,,,,,,,,,,,,,,,,,,,,,,,
30-янв.-2014,"0,00",,,,,,,,,,,,,,,,,,,,,,,,,,,,
31-янв.-2014,"5,62",,,Lidl,"5,62",,,,,,,,,,,,,,,,,,,,,,,,
Январь,,,"1 578,00",,"107,53",,"143,49",,"0,00",,"28,00",,"12,00",,"0,00",,"0,00",,"0,00",,"0,00",,"43,17",,"0,00",,,,
1-февр.-2014,"46,67",,,Tesco,"3,73",Elektricka,"1,4",,,,,,,,,"Утюг(7,99) Мишка(2,99) Термометр(7,49)","18,47",,,,,"Vedro(9.49) тройник(1,79) стакан для ручок(1,0) терка(2,99) лампочки(4*1,0) средство для миття плитки(1,85) ","23,07",,,,,,1200
2-февр.-2014,"8,68",,,Lidl,"0,99",,,,,,,Saty,"5,96",,,Батарейки,"1,73",,,,,,,,,,,,
3-февр.-2014,"0,00",,,,,,,,,,,,,,,,,,,,,,,,,,,,
4-февр.-2014,"13,14",,,Lidl,"13,14",,,,,,,,,,,,,,,,,,,,,,,,
5-февр.-2014,"0,00",,,,,,,,,,,,,,,,,,,,,,,,,,,,
6-февр.-2014,"37,37",,,Lidl,"2,72",,,UPC,"15,20",,,,,,,,,,,,,"Ariel(11,99) krem(1,59) rexona(2,59) Alpa(0,99) ajax(2,29)","19,45",,,,,,
7-февр.-2014,"0,00",,,,,,,,,,,,,,,,,,,,,,,,,,,,
8-февр.-2014,"4,78",,,Lidl,"4,78",,,,,,,,,,,,,,,,,,,,,,,,
9-февр.-2014,"17,17",,,Kaufland,"17,17",,,,,,,,,,,,,,,,,,,,,,,,
10-февр.-2014,"8,50",,,Billa,"8,50",,,,,,,,,,,,,,,,,,,,,,,,
11-февр.-2014,"0,00",,,,,,,,,,,,,,,,,,,,,,,,,,,,
12-февр.-2014,"235,00",,,,,,,,,,,,,,,mob. tel. Gigabite Gsmart Guru G1,"235,00",,,,,,,,,,,,
13-февр.-2014,"1,50",,,,,,,,,,,Tricko,"1,50",,,,,,,,,,,,,,,,
14-февр.-2014,"15,12",,,Lidl,"5,13",,,,,,,,,,,,,,,,,Турник,"9,99",,,,,,
15-февр.-2014,"7,49",,,Puding,"0,60",MHD listky,"1,60",,,,,,,,,,,Caj/tesco,"3,90",,,Pohary 4kusy,"1,39",,,,,,
16-февр.-2014,"7,20",,,Billa,"7,20",,,,,,,,,,,,,,,,,,,,,,,,
17-февр.-2014,"3,00",,,lidl,"3,00",,,,,,,,,,,,,,,,,,,,,,,,
18-февр.-2014,"0,00",,,,,,,,,,,,,,,,,,,,,,,,,,,,
19-февр.-2014,"0,00",,,,,,,,,,,,,,,,,,,,,,,,,,,,
20-февр.-2014,"4,00",,,obed,"4,00",,,,,,,,,,,,,,,,,,,,,,,,
21-февр.-2014,"16,59",,,lidl,"16,59",,,,,,,,,,,,,,,,,,,,,,,,
22-февр.-2014,"7,99",,,,,,,,,,,ciapka,"7,99",,,,,,,,,,,,,,,,
23-февр.-2014,"9,75",,,lidl,"9,75",,,,,,,,,,,,,,,,,,,,,,,,
24-февр.-2014,"0,00",,,,,,,,,,,,,,,,,,,,,,,,,,,,
25-февр.-2014,"446,00",Najomne,"440,00",obed,"6,00",,,,,,,,,,,,,,,,,,,,,,,,
26-февр.-2014,"8,46",,,lidl,"8,46",,,,,,,,,,,,,,,,,,,,,,,,
27-февр.-2014,"0,00",,,,,,,,,,,,,,,,,,,,,,,,,,,,
28-февр.-2014,"3,00",,,Billa,"3,00",,,,,,,,,,,,,,,,,,,,,,,,
Февраль,,,"440,00",,"114,76",,"3,00",,"15,20",,"0,00",,"15,45",,"0,00",,"255,20",,"3,90",,"0,00",,"53,90",,"0,00",,,,
1-марта-2014,"18,72",,,Lidl,"10,32",MHD,"1,4",,,,,Saty,"3,00",,,,,Caj,"4,00",,,,,,,,,,1300
2-марта-2014,"17,99",,,Lidl,"7,94",MHD,"2,10",,,,,,,,,,,,,,,IKEA,"7,95",,,,,,
3-марта-2014,"0,00",,,,,,,,,,,,,,,,,,,,,,,,,,,,
4-марта-2014,"17,29",,,"Lidl(12,29)
obed (5)","17,29",,,,,,,,,,,,,,,,,,,,,,,,
5-марта-2014,"19,23",,,Lidl,"4,44",,,UPC,"6,90",,,,,,,,,,,,,nechtove nozicky,"7,89",,,,,,
6-марта-2014,"0,00",,,,,,,,,,,,,,,,,,,,,,,,,,,,
7-марта-2014,"6,33",,,Lidl,"6,33",,,,,,,,,,,,,,,,,,,,,,,,
8-марта-2014,"12,10",,,Lidl,"12,10",,,,,,,,,,,,,,,,,,,,,,,,
9-марта-2014,"17,10",,,My tesco ,"4,00",MHD,"2,10",,,,,,,,,,,,,,,"Noz, otocka jabl","11,00",,,,,,
10-марта-2014,"5,00",,,Lidl,"5,00",,,,,,,,,,,,,,,,,,,,,,,,
11-марта-2014,"0,00",,,,,,,,,,,,,,,,,,,,,,,,,,,,
12-марта-2014,"7,78",,,Lidl,"7,78",,,,,,,,,,,,,,,,,,,,,,,,
13-марта-2014,"2,93",,,Lidl,"2,93",,,,,,,,,,,,,,,,,,,,,,,,
14-марта-2014,"0,00",,,,,,,,,,,,,,,,,,,,,,,,,,,,
15-марта-2014,"14,27",,,Lidl,"9,27",MHD,"5,00",,,,,,,,,,,,,,,,,,,,,,
16-марта-2014,"0,00",,,,,,,,,,,,,,,,,,,,,,,,,,,,
17-марта-2014,"0,00",,,,,,,,,,,,,,,,,,,,,,,,,,,,
18-марта-2014,"11,65",,,Lidl,"11,65",,,,,,,,,,,,,,,,,,,,,,,,
19-марта-2014,"34,08",,,,,,,,,,,,,paralen,"1,09",klavesnica,"32,99",,,,,,,,,,,,
20-марта-2014,"4,64",,,TESCO,"4,64",,,,,,,,,,,,,,,,,,,,,,,,
21-марта-2014,"445,90",Najomne,"440,00",,,,,,,O2,"5,90",,,,,,,,,,,,,,,,,,
22-марта-2014,"5,75",,,,,,,,,,,,,"paralen, olynth","5,75",,,,,,,,,,,,,,
23-марта-2014,"40,76",,,TESCO,"12,00",MHD,"3,60",,,,,,,,,,,,,,,"drogeria do kupelny(5,66)
penazenka(19,50)","25,16",,,,,,
24-марта-2014,"2 004,62",,,Lidl,"4,62",,,,,,,,,,,,,,,,,,,Покупка автомобіля,"2 000,00",,,,
25-марта-2014,"57,30",,,"obed (4)
Lidl (17,30)","21,30",,,,,,,,,,,,,,,,,,,Страховка,"36,00",,,,
26-марта-2014,"66,00",,,,,,,,,,,,,,,,,,,,,,,Kolky,"66,00",,,,
27-марта-2014,"4,17",,,Moja Samoska,"4,17",,,,,,,,,,,,,,,,,,,,,,,,
28-марта-2014,"0,00",,,,,,,,,,,,,,,,,,,,,,,,,,,,
29-марта-2014,"67,00",,,tesco,"31,06",benzin,"20,00",,,,,,,,,,,,,,,do kuchini,"3,58",tesco,"12,36",,,,
30-марта-2014,"24,20",,,,,,,,,,,,,,,,,"Відень обід(10)
Відень транспорт(4.20)
Пиво(10)","24,20",,,,,,,,,,
31-марта-2014,"0,00",,,,,,,,,,,,,,,,,,,,,,,,,,,,
Март,,,"440,00",,"176,84",,"34,20",,"6,90",,"5,90",,"3,00",,"6,84",,"32,99",,"28,20",,"0,00",,"55,58",,"2 114,36",,,,
1-апр.-2014,"4,57",,,Billa,"4,57",,,,,,,,,,,,,,,,,,,,,,,,969
2-апр.-2014,"0,00",,,,,,,,,,,,,,,,,,,,,,,,,,,,
3-апр.-2014,"16,97",,,Kaufland,"3,00",,,,,,,Носки,"1,98",,,,,,,,,Ключі гаєчні,"11,99",,,,,,
4-апр.-2014,"27,96",,,,,,,UPC,"7,97",,,Кросовки Юлі,"19,99",,,,,,,,,,,,,,,,
5-апр.-2014,"46,88",,,K1,"6,98",Benzin (1.444),"15,02",,,,,,,,,,,,,K1,"2,98",K1,"21,90",,,,,,
6-апр.-2014,"4,58",,,Kaufland,"4,58",,,,,,,,,,,,,,,,,,,,,,,,
7-апр.-2014,"0,00",,,,,,,,,,,,,,,,,,,,,,,,,,,,
8-апр.-2014,"10,48",,,Lidl,"10,48",,,,,,,,,,,,,,,,,,,,,,,,
9-апр.-2014,"30,00",,,,,,,,,,,,,,,,,,,,,,,Vymena pneumatik,"30,00",,,,
10-апр.-2014,"4,45",,,Moja Samoska,"4,45",,,,,,,,,,,,,,,,,,,,,,,,
11-апр.-2014,"0,00",,,,,,,,,,,,,,,,,,,,,,,,,,,,
12-апр.-2014,"150,23",,,Tesco,"38,89",Benzin (1.449),"20,00",,,,,Obuv (19.9 + 29.95),"49,85",,,,,,,"tatratea (12.9 + 13.59)
Skrutkovace (15)","41,49",,,,,,,,
13-апр.-2014,"71,41",,,,,Benzin (1.38),"48,29",,,,,,,,,,,autosalon,"10,00",,,,,Autovosk,"13,12",,,,
14-апр.-2014,"0,00",,,,,,,,,,,,,,,,,,,,,,,,,,,,
15-апр.-2014,"27,19",,,Tesco,"12,69",,,,,,,bunda pre Juliu,"2,50",,,,,,,Oblecenie,"12,00",,,,,,,,
16-апр.-2014,"21,00",,,,,D'alnica,"10,00",,,,,,,,,,,,,,,Tesco,"11,00",,,,,,
17-апр.-2014,"0,00",,,,,,,,,,,,,,,,,,,,,,,,,,,,
18-апр.-2014,"0,00",,,,,,,,,,,,,,,,,,,,,,,,,,,,
19-апр.-2014,"0,00",,,,,,,,,,,,,,,,,,,,,,,,,,,,
20-апр.-2014,"0,00",,,,,,,,,,,,,,,,,,,,,,,,,,,,
21-апр.-2014,"0,00",,,,,,,,,,,,,,,,,,,,,,,,,,,,
22-апр.-2014,"0,00",,,,,,,,,,,,,,,,,,,,,,,,,,,,
23-апр.-2014,"2,64",,,Lidl,"2,64",,,,,,,,,,,,,,,,,,,,,,,,
24-апр.-2014,"454,01",Najomne,"440,00",Moja Sanoska,"0,75",,,,,O2,"7,86",,,,,,,,,,,,,,,,,,
25-апр.-2014,"0,00",,,,,,,,,,,,,,,,,,,,,,,,,,,,
26-апр.-2014,"0,00",,,,,,,,,,,,,,,,,,,,,,,,,,,,
27-апр.-2014,"39,38",,,Lidl,"9,39",MHD,"1,80",,,,,"Tricka (TESCO) 
Saty (1 EUR)","5,40",,,,,,,,,Kluce,"22,79",,,,,,
28-апр.-2014,"0,00",,,,,,,,,,,,,,,,,,,,,,,,,,,,
29-апр.-2014,"0,00",,,,,,,,,,,,,,,,,,,,,,,,,,,,
30-апр.-2014,"5,49",,,My Bratislava,"5,49",,,,,,,,,,,,,,,,,,,,,,,,
Апрель,,,"440,00",,"103,91",,"95,11",,"7,97",,"7,86",,"79,72",,"0,00",,"0,00",,"10,00",,"56,47",,"67,68",,"43,12",,,,
1-мая-2014,"0,00",,,,,,,,,,,,,,,,,,,,,,,,,,,,979
2-мая-2014,"0,00",,,,,,,,,,,,,,,,,,,,,,,,,,,,
3-мая-2014,"62,98",,,TESCO,"24,00",,,,,,,,,,,,,,,,,Strojceky na ostrihanie (TESCO),"38,98",,,,,,
4-мая-2014,"19,28",,,Billa,"1,35",,,,,,,Obuv (Lidl),"17,93",,,,,,,,,,,,,,,,
5-мая-2014,"55,78",,,Moja Samoska,"4,12",,,,,,,,,,,,,,,,,,,,,,,,
6-мая-2014,"22,36",,,,,,,UPC,"12,68",,,,,,,,,,,,,,,,,,,,
7-мая-2014,"9,68",,,"My Bratislava (5,68)
Obed (4)","9,68",,,,,,,,,,,,,,,,,,,,,,,,
8-мая-2014,"15,11",,,Moja Samoska,"5,15",,,,,,,Saty,"6,96",,,,,,,Textil House,"3,00",,,,,,,,
9-мая-2014,"9,00",,,Lidl,"9,00",,,,,,,,,,,,,,,,,,,,,,,,
10-мая-2014,"33,40",,,,,,,,,,,,,,,,,"Benzin (20)
Listky Vienna (8,40)
Kafe (5)","33,40",,,,,,,,,,
11-мая-2014,"39,60",,,TESCO,"34,20",Parking,"1,00",,,,,Ponozky,"1,40",,,,,,,Genezis,"3,00",,,,,,,,
12-мая-2014,"0,00",,,,,,,,,,,,,,,,,,,,,,,,,,,,
13-мая-2014,"1,40",,,Moja Samoska,"1,40",,,,,,,,,,,,,,,,,,,,,,,,
14-мая-2014,"4,90",,,Obed,"4,90",,,,,,,,,,,,,,,,,,,,,,,,
15-мая-2014,"8,00",,,Trhovysko,"8,00",,,,,,,,,,,,,,,,,,,,,,,,
16-мая-2014,"22,43",,,Lidl,"10,43",,,,,,,,,,,,,,,,,,,,,,,,
17-мая-2014,"12,89",,,Moja Samoska,"0,89",,,,,,,,,,,,,"Muzeumi (4)
Pivo (8)","12,00",,,,,,,,,,
18-мая-2014,"0,00",,,,,,,,,,,,,,,,,,,,,,,,,,,,
19-мая-2014,"0,00",,,,,,,,,,,,,,,,,,,,,,,,,,,,
20-мая-2014,"0,00",,,,,,,,,,,,,,,,,,,,,,,,,,,,
21-мая-2014,"465,33",Najomne,"440,00",Obed,"8,00",,,,,O2,"17,33",,,,,,,,,,,,,,,,,,
22-мая-2014,"0,00",,,,,,,,,,,,,,,,,,,,,,,,,,,,
23-мая-2014,"0,00",,,,,,,,,,,,,,,,,,,,,,,,,,,,
24-мая-2014,"70,35",,,TESCO,"51,08",,,,,,,,,,,,,,,,,Baumax (Lepidlo+ Aceton),"14,27",Umivanie,"5,00",,,,
25-мая-2014,"6,40",,,Billa,"6,40",,,,,,,,,,,,,,,,,,,,,,,,
26-мая-2014,"0,00",,,,,,,,,,,,,,,,,,,,,,,,,,,,
27-мая-2014,"0,00",,,,,,,,,,,,,,,,,,,,,,,,,,,,
28-мая-2014,"3,00",,,Lidl,"3,00",,,,,,,,,,,,,,,,,,,,,,,,
29-мая-2014,"0,00",,,,,,,,,,,,,,,,,,,,,,,,,,,,
30-мая-2014,"0,00",,,,,,,,,,,,,,,,,,,,,,,,,,,,
31-мая-2014,"7,29",,,Lidl,"7,29",,,,,,,,,,,,,,,,,,,,,,,,
Май,,,"440,00",,"188,89",,"1,00",,"12,68",,"17,33",,"26,29",,"0,00",,"0,00",,"45,40",,"6,00",,"53,25",,"5,00",,,,
1-июня-2014,,,,,,,,,,,,,,,,,,,,,,,,,,,,,971
2-июня-2014,,,,,,,,,,,,,,,,,,,,,,,,,,,,,
3-июня-2014,,,,,,,,UPC,"15,80",,,,,,,,,,,,,,,,,,,,
4-июня-2014,,,,,,,,,,,,,,,,,,,,,,,,,,,,,
5-июня-2014,,,,,,,,,,,,,,,,,,,,,,,,,,,,,
6-июня-2014,,,,,,,,,,,,,,,,,,,,,,,,,,,,,
7-июня-2014,,,,,,,,,,,,,,,,,,Benzin(20) + Muzeum(20) + Obed(35) + Ubahn(8.4) - Drobnich,"55,00",,,,,,,,,,
8-июня-2014,,,,,,,,,,,,,,,,,,Drobnich,"10,00",,,,,,,,,,
9-июня-2014,,,,,,,,,,,,,,,,,,,,,,,,,,,,,
10-июня-2014,,,,Tesco,"40,39",,,,,,,,,,,,,,,,,,,,,,,,
11-июня-2014,,,,Lidl,"1,63",,,,,,,,,,,,,,,,,,,,,,,,
12-июня-2014,,,,,,,,,,,,,,,,,,,,,,,,,,,,,
13-июня-2014,,,,,,,,,,,,,,,,,,,,,,,,,,,,,
14-июня-2014,,,,tesco,"11,39",,,,,,,Tricko,"3,99",,,,,,,,,"do kuchiny(11.74), na vlasy oley (6.79)","18,53",,,,,,
15-июня-2014,,,,Lidl,"1,57",,,,,,,Termo oblecenie (12.50) Tricko (0.99),"13,49",,,,,,,,,,,,,,,,
16-июня-2014,,,,,,,,,,,,,,,,,,,,,,,,,,,,,
17-июня-2014,,,,,,,,,,,,,,,,,,,,,,,,,,,,,
18-июня-2014,,,,Lidl,"3,09",,,,,,,,,,,,,,,,,,,,,,,,
19-июня-2014,,,,,,,,,,,,,,,,,,,,,,,,,,,,,
20-июня-2014,,,,Lidl,"12,06",,,,,,,,,,,,,,,,,,,,,,,,
21-июня-2014,,,,Billa (2.70) Lidl (6.03),"8,73",,,,,,,,,,,,,,,,,,,,,,,,
22-июня-2014,,Najomne,"440,00",Tesco,"12,39",,,,,O2,"31,18",,,,,,,,,,,,,Benzin(10) + umivanie(5),"15,00",,,,
23-июня-2014,,,,,,,,,,,,,,,,Fotoaparat,"270,00",,,,,,,,,,,,
24-июня-2014,,,,,,,,,,,,,,,,,,,,,,,,,,,,,
25-июня-2014,,,,,,,,,,,,,,,,,,,,,,,,,,,,,
26-июня-2014,,,,,,,,,,,,,,,,,,,,,,,,,,,,,
27-июня-2014,,,,Moja Samoska,"6,13",,,,,,,,,,,Pamatova karta 32Gb,"16,50",,,,,,,,,,,,
28-июня-2014,,,,Lidl,"2,50",,,,,,,Saty,"3,60",,,Puzdro,"24,00",,,,,,,,,,,,
29-июня-2014,,,,Tesco,"16,8",,,,,,,,,,,,,,,,,kika,"10,37",,,,,,
30-июня-2014,,,,,,,,,,,,Obuv Diechman,"26,85",,,,,,,,,,,,,,,,
Июнь,,,"440,00",,"116,68",,"0,00",,"15,80",,"31,18",,"47,93",,"0,00",,"310,50",,"65,00",,"0,00",,"28,90",,"15,00",,,,
1-июля-2014,,,,Lidl,"8,29",,,,,,,,,,,,,,,,,,,,,,,,1269
2-июля-2014,,,,,,,,,,,,,,,,,,,,,,,,,,,,,
3-июля-2014,,,,,,,,,,,,,,,,,,,,,,,,,,,,,
4-июля-2014,,,,,,,,,,,,,,,,,,,,,,,,,,,,,
5-июля-2014,,,,Tesco,"22,33",,,,,,,,,,,,,,,,,,,,,,,,
6-июля-2014,,,,,,,,,,,,,,,,,,See,"8,00",,,,,,,,,,
7-июля-2014,,,,Obed,"4,00",,,UPC,"15,80",,,,,Pantenol,"4,13",,,,,,,,,,,,,,
8-июля-2014,,,,,,,,,,,,,,,,,,,,,,,,,,,,,
9-июля-2014,,,,"Lidl, Obed","6,72",,,,,,,,,,,,,,,,,,,,,,,,
10-июля-2014,,,,Lidl,"10,58",,,,,,,,,Test,"5,30",,,,,,,,,,,,,,
11-июля-2014,,,,,,,,,,,,,,,,,,,,,,,,,,,,,
12-июля-2014,,,,Tesco,"24,61",Benzin,"19,29",,,,,,,,,,,,,,,,,,,,,,
13-июля-2014,,,,,,,,,,,,,,,,,,,,,,,,,,,,,
14-июля-2014,,,,,,,,,,,,,,,,,,,,,,,,,,,,,
15-июля-2014,,,,,,,,,,,,,,,,,,,,,,,,,,,,,
16-июля-2014,,,,,,,,,,,,,,,,,,,,,,,,,,,,,
17-июля-2014,,,,Lidl,"5,57",,,,,,,,,,,,,,,,,,,,,,,,
18-июля-2014,,,,,,,,,,,,,,,,,,,,,,,,,,,,,
19-июля-2014,,,,Tesco,"28,77",,,,,,,,,,,Holiacy Pristroj,"14,99",,,,,,,,,,,,
20-июля-2014,,,,Lidl,"5,07",,,,,,,Jula Tricko,"1,99",,,,,,,Alkotester,"17,99",,,,,,,,
21-июля-2014,,,,,,,,,,,,,,,,,,,,,,,,,,,,,
22-июля-2014,,,,,,,,,,,,,,,,,,,,,,,,,,,,,
23-июля-2014,,,,,,,,,,,,,,,,,,Pivo,"3,80",,,,,,,,,,
24-июля-2014,,Najomne,"440,00",Moja Samoska,"3,53",,,,,O2,"12,86",,,,,,,,,,,,,,,,,,
25-июля-2014,,,,Moja Samoska,"4,27",,,,,,,,,,,,,,,Oblecenie,"11,92",,,,,,,,
26-июля-2014,,,,,,,,,,,,,,,,,,"Benzin (20) + Ubahn (26,30) + Muzeum (20) + Billa Wein (7,54)","73,84","Baumax(21,30) + Cigarety(5,40)","26,7",,,,,,,,
27-июля-2014,,,,Lidl + Tesco,"84,59",,,,,,,,,,,,,,,vankúš,"2,00",,,,,,,,
28-июля-2014,,,,,,,,,,,,,,,,,,,,,,,,,,,,,
29-июля-2014,,,,,,,,,,,,,,,,,,,,,,,,,,,,,
30-июля-2014,,,,,,,,,,,,,,,,,,,,,,,,,,,,,
31-июля-2014,,,,Lidl,"8,54",,,,,,,,,,,,,,,,,,,,,,,,
Июль,,,"440,00",,"216,87",,"19,29",,"15,80",,"12,86",,"1,99",,"9,43",,"14,99",,"85,64",,"58,61",,"0,00",,"0,00",,,,
1-авг.-2014,,,,,,,,,,,,"шорти, штани","4,50",,,,,,,,,"шампунь, булки","4,60",,,,,,971
2-авг.-2014,,,,Aupark (Terno),"6,67",,,,,,,,,,,,,,,,,термоси,"11,00","свічки, масло, жидкость","37,35",,,,
3-авг.-2014,,,,Lidl,"9,03",,,,,,,,,,,,,,,,,,,,,,,,
4-авг.-2014,,,,,,,,,,,,,,,,,,,,,,,,,,,,,
5-авг.-2014,,,,,,,,,,,,,,,,,,,,,,,,,,,,,
6-авг.-2014,,,,Lidl,"14,00",,,,,,,,,,,,,,,,,,,,,,,,
7-авг.-2014,,,,Lidl,"0,69",,,,,,,,,,,,,,,,,,,,,,,,
8-авг.-2014,,,,,,,,UPC,"15,80",,,,,,,,,,,,,,,,,,,,
9-авг.-2014,,,,Carrefour,"9,80",,,,,,,,,,,,,,,,,Carrefour (stahovac na droty...),"8,00",,,,,,
10-авг.-2014,,,,"Billa, Tesco","7,34",,,,,,,Slapance Julia,"14,90",,,,,,,,,,,,,,,,
11-авг.-2014,,,,,,,,,,,,,,,,,,,,,,,,,,,,,
12-авг.-2014,,,,,,,,,,,,,,,,,,,,,,,,,,,,,
13-авг.-2014,,,,Tesco ,"8,00",,,,,,,,,Canesten gel,"5,24",,,,,Cokolada,"7,00",,,,,,,,
14-авг.-2014,,,,,,,,,,,,,,,,,,,,,,,,,,,,,
15-авг.-2014,,,,,,,,,,,,,,,,,,,,,,,,,,,,,
16-авг.-2014,,,,Samoska,"2,00",,,,,,,,,,,,,Mestiansky pivovar,"5,50",,,,,,,,,,
17-авг.-2014,,,,tesco,"16,54",,,,,,,,,,,Panvica,"20,99",,,kamion,"4,10",Kika,"1,09",,,,,,
18-авг.-2014,,,,obed,"5,1",,,,,O2,"47,90",,,,,,,,,,,,,,,,,,
19-авг.-2014,,,,Lidl,"13,47",,,,,,,,,,,,,,,,,,,,,,,,
20-авг.-2014,,,,Lidl,"2,04",,,,,,,,,,,,,,,,,,,,,,,,
21-авг.-2014,,,,,,,,,,,,,,,,,,,,,,,,,,,,,
22-авг.-2014,,,,,,,,,,,,,,,,,,,,,,,,,,,,,
23-авг.-2014,,Najomne,"440,00",Tesco,"16,62",Benzin,"19,31",,,,,,,,,,,,,Knihy,"2,97",,,,,,,,
24-авг.-2014,,,,,,,,,,,,,,,,,,,,,,,,,,,,,
25-авг.-2014,,,,,,,,,,,,"Tricko, Košela","16,97",,,,,,,,,,,,,,,,
26-авг.-2014,,,,Lidl,"10,65",,,,,,,,,,,,,,,,,,,,,,,,
27-авг.-2014,,,,,,,,,,,,,,,,,,,,,,Notar,"3,20",,,,,,
28-авг.-2014,,,,,,,,,,,,,,,,,,,,,,,,,,,,,
29-авг.-2014,,,,,,,,,,,,,,,,,,Tesco,"31,00",,,,,,,,,,
30-авг.-2014,,,,,,,,,,,,,,,,,,,,,,,,,,,,,
31-авг.-2014,,,,,,,,,,,,,,,,,,,,,,,,,,,,,
Август,,,"440,00",,"121,95",,"19,31",,"15,80",,"47,90",,"36,37",,"5,24",,"20,99",,"36,50",,"14,07",,"27,89",,"37,35",,,,
1-сент.-2014,,,,,,,,,,,,,,,,,,,,,,,,,,,,,971
2-сент.-2014,,,,,,,,,,,,,,,,,,,,,,,,,,,,,
3-сент.-2014,,,,,,,,,,,,,,,,,,,,,,,,,,,,,
4-сент.-2014,,,,Lidl,"11,38",,,,,,,,,,,,,,,,,,,,,,,,
5-сент.-2014,,,,,,,,,,,,,,,,,,,,,,,,,,,,,
6-сент.-2014,,,,Lidl,"6,00",,,,,,,,,,,,,,,,,,,,,,,,
7-сент.-2014,,,,Kaviaren,"6,00",,,,,,,,,,,,,Limonada (URBAN),"6,00",,,,,,,,,,
8-сент.-2014,,,,,,,,,,,,,,,,,,,,,,"ustna voda, sampun","3,00",,,,,,
9-сент.-2014,,,,"billa, samoska","10,15",,,,,,,,,,,,,,,,,,,,,,,,
10-сент.-2014,,,,lidl,"4,00",,,UPC,"15,80",,,,,,,,,,,,,,,,,,,,
11-сент.-2014,,,,,,,,,,,,,,"No-spa, canesten gel","11,50",,,,,,,,,,,,,,
12-сент.-2014,,,,,,,,,,,,,,,,,,,,,,,,Poistovna,"36,21",,,,
13-сент.-2014,,,,tesco,"38,00",,,,,,,,,,,,,,,,,,,benzin,"19,40",,,,
14-сент.-2014,,,,,,,,,,,,,,,,,,,,,,,,,,,,,
15-сент.-2014,,,,lidl,"3,00",,,,,,,,,,,,,,,bunda pre Myrona,"12,00",,,,,,,,
16-сент.-2014,,,,,,,,,,,,,,,,,,,,,,,,,,,,,
17-сент.-2014,,,,obed,"5,10",,,,,,,,,,,,,,,,,Fotjak (servis),"17,56",,,,,,
18-сент.-2014,,,,lidl,"12,80",,,,,O2,"11,88",,,,,,,,,,,,,,,,,,
19-сент.-2014,,,,,,,,,,,,,,,,,,,,Merci,"5,00",,,,,,,,
20-сент.-2014,,,,,,,,,,,,,,,,,,u Zlateho Bazanta,"10,00",,,,,,,,,,
21-сент.-2014,,,,,,,,,,,,,,,,,,"Lidl, Tesco, Vienn","43,60",,,,,Benzin,"20,00",,,,
22-сент.-2014,,,,,,,,,,,,,,,,,,,,,,,,,,,,,
23-сент.-2014,,Najomne,"440,00",,,,,,,,,,,canesten,"6,40",,,,,Deichmann+billa Okii,"13,57",,,,,,,,
24-сент.-2014,,,,Kaufland,"21,00",,,,,,,,,,,,,,,,,,,,,,,,
25-сент.-2014,,,,,,,,,,,,,,,,,,,,,,,,,,,,,
26-сент.-2014,,,,,,,,,,,,,,Corsodyl,"3,50",,,,,,,,,,,,,,
27-сент.-2014,,,,Lidl,"2,00",,,,,,,,,,,,,,,,,,,,,,,,
28-сент.-2014,,,,Lidl,"5,50",,,,,,,,,,,,,,,,,,,,,,,,
29-сент.-2014,,,,"Tesco, Lidl","26,79",,,,,,,Tricko,"1,98",,,,,,,"Rowachol, Bateria","11,46",,,,,,,,
30-сент.-2014,,,,,,,,,,,,,,,,,,,,,,,,,,,,,
Сентябрь,,,"440,00",,"151,72",,"0,00",,"15,80",,"11,88",,"1,98",,"21,40",,"0,00",,"59,60",,"42,03",,"20,56",,"75,61",,,,
1-окт.-2014,,,,Lidl,"28,80",Vlak,"26,40",,,,,,,,,,,,,,,,,,,,,,971
2-окт.-2014,,,,,,Autobus,"3,20",,,,,,,,,,,,,,,,,,,,,,
3-окт.-2014,,,,,,,,,,,,,,,,,,,,,,,,,,,,,
4-окт.-2014,,,,,,,,,,,,,,,,,,,,,,,,,,,,,
5-окт.-2014,,,,,,,,,,,,,,,,,,,,,,,,,,,,,
6-окт.-2014,,,,,,,,UPC,"15,80",,,,,,,,,,,,,,,,,,,,
7-окт.-2014,,,,Lidl,"1,56",,,,,,,,,,,,,,,,,Preklady,"133,94",,,,,,
8-окт.-2014,,,,,,,,,,,,,,,,,,,,,,Lavor + Alpa,"4,99",,,,,,
9-окт.-2014,,,,Lidl,"8,53",,,,,,,,,,,,,,,,,,,,,,,,
10-окт.-2014,,,,,,,,,,,,,,,,,,,,,,,,,,,,,
11-окт.-2014,,,,Terno,"1,53",,,,,,,,,,,,,,,,,,,,,,,,
12-окт.-2014,,,,Tesco,"17,00",,,,,,,Topanky Julia,"24,90",,,,,,,,,,,,,,,,
13-окт.-2014,,,,Lidl,"6,00",MHD,"4,00",,,,,,,,,,,,,,,,,,,,,,
14-окт.-2014,,,,,,,,,,,,,,,,,,,,,,,,,,,,,
15-окт.-2014,,,,Caj,"4,60",,,,,,,,,,,,,,,,,,,,,,,,
16-окт.-2014,,,,Billa,"2,60",,,,,,,,,,,,,,,,,,,,,,,,
17-окт.-2014,,,,,,,,,,,,,,,,,,,,,,,,,,,,,
18-окт.-2014,,,,Lidl,"3,87",,,,,,,,,,,,,,,Lidl Olesia DN,"4,98",,,,,,,,
19-окт.-2014,,,,,,,,,,,,,,,,,,,,,,Yoga Karimat,"15,00",,,,,,
20-окт.-2014,,,,Obed,"4,20",,,,,,,,,,,,,,,,,,,,,,,,
21-окт.-2014,,,,Lidl,"14,36",,,,,,,,,,,,,,,,,,,,,,,,
22-окт.-2014,,Najomne,"440,00",,,,,,,,,,,,,,,,,,,,,,,,,,
23-окт.-2014,,,,obedy Myroslav,"20,00",ICK karta,"32,20",,,,,,,,,,,,,,,,,,,,,,
24-окт.-2014,,,,Potraviny,"4,00",,,,,,,,,,,,,Party,"30,00",,,,,,,,,,
25-окт.-2014,,,,Lidl,"7,34",,,,,,,,,,,,,,,,,,,,,,,,
26-окт.-2014,,,,Billa,"11,94",,,,,,,Tricka,"4,00",,,,,,,,,Colgate + ustna voda,"6,86",,,,,,
27-окт.-2014,,,,Lidl,"4,78",,,,,,,,,,,,,,,,,,,,,,,,
28-окт.-2014,,,,,,,,,,,,,,,,,,,,,,,,,,,,,
29-окт.-2014,,,,,,,,,,,,,,,,,,,,,,,,,,,,,
30-окт.-2014,,,,TESCO,"8,73",,,,,,,,,,,,,,,,,,,,,,,,
31-окт.-2014,,,,Billa,"4,52",,,,,,,,,,,,,,,,,,,,,,,,
Октябрь,,,"440,00",,"154,36",,"65,80",,"15,80",,"0,00",,"28,90",,"0,00",,"0,00",,"30,00",,"4,98",,"160,79",,"0,00",,,,
1-нояб.-2014,,,,TESCO,"60,41",,,,,,,KIKA,"7,49",,,,,,,,,Carrefour,"14,06",Umyvanie,"4,17",,,,1321
2-нояб.-2014,,,,Lidl,"6,12",,,,,,,,,,,,,,,,,,,,,,,,
3-нояб.-2014,,,,,,,,,,,,,,,,,,,,,,,,,,,,,
4-нояб.-2014,,,,,,,,,,,,,,,,,,,,,,,,,,,,,
5-нояб.-2014,,,,,,,,,,,,Kobat + Nohavice,"19,17",,,,,,,,,,,,,,,,
6-нояб.-2014,,,,Obed,"6,00",,,,,,,,,,,,,,,,,,,,,,,,
7-нояб.-2014,,,,Billa,"6,37",,,,,,,,,,,,,,,,,,,,,,,,
8-нояб.-2014,,,,,,,,,,,,,,,,,,,,,,,,,,,,,
9-нояб.-2014,,,,Lidl,"3,53",,,,,,,,,Mane B6,"7,95",,,,,,,,,,,,,,
10-нояб.-2014,,,,Obed,"9,23",,,,,,,,,,,,,,,,,,,,,,,,
11-нояб.-2014,,,,,,,,,,,,,,,,,,,,,,,,,,,,,
12-нояб.-2014,,,,"Billa , Caj Piekov","11,56",,,,,,,,,,,,,,,,,,,,,,,,
13-нояб.-2014,,,,,,,,,,,,Kobat + Shal,"18,05",,,,,,,,,,,,,,,,
14-нояб.-2014,,,,Lidl + obed,"23,39",,,,,,,,,,,,,,,,,,,,,,,,
15-нояб.-2014,,,,,,,,,,,,,,,,,,,,,,,,Kolesa,"57,02",,,,
16-нояб.-2014,,,,"Napoj, kokosovy olej","7,37",,,,,,,,,,,,,,,Ikea(obed),"7,07",Ikea,"6,48",,,,,,
17-нояб.-2014,,,,Lidl,"18,56",,,,,,,,,,,,,,,,,,,,,,,,
18-нояб.-2014,,,,obed,"5,00",,,,,,,,,,,,,,,,,,,,,,,,
19-нояб.-2014,,,,obed,"5,00",,,UPC,"15,80",O2,"34,45",,,,,,,,,,,,,,,,,,
20-нояб.-2014,,Najomne,"440,00",,,,,,,,,,,,,,,,,,,,,,,,,,
21-нояб.-2014,,,,obed,"5,80",MHD,"26,90",,,,,,,,,,,chlast,"39,18",,,,,,,,,,
22-нояб.-2014,,,,Billa + tesco,"17,57",,,,,,,,,,,,,,,,,,,,,,,,
23-нояб.-2014,,,,,,,,,,,,"Yulia obuv, taska","72,00",,,,,,,,,,,,,,,,
24-нояб.-2014,,,,,,,,,,,,,,,,,,,,,,,,,,,,,
25-нояб.-2014,,,,Tesco,"4,20",,,,,,,,,,,,,,,,,elektrosuciastky,"20,67",suciastky,"16,86",,,,
26-нояб.-2014,,,,"obed, lidl","21,72",,,,,,,,,,,,,,,,,,,,,,,,
27-нояб.-2014,,,,"Billa, obed","5,58",,,,,,,,,,,,,,,,,,,,,,,,
28-нояб.-2014,,,,,,,,,,,,,,,,,,,,,,,,,,,,,
29-нояб.-2014,,,,Lidl,"3,00",,,,,,,Bunda Miroslav,"64,99",,,,,SOHO,"15,00",Papi Bruska vrtak,"20,00",,,,,,,,
30-нояб.-2014,,,,Tesco,"34,67",,,,,,,,,,,,,,,,,,,benzin,"32,11",,,,
Ноябрь,,,"440,00",,"255,08",,"26,90",,"15,80",,"34,45",,"181,70",,"7,95",,"0,00",,"54,18",,"27,07",,"41,21",,"110,16",,"0,00",,
1-дек.-2014,,,,Billa,"3,81",,,,,,,,,,,,,,,,,,,,,Slovensky jazyk,"20,00",,2225.7
2-дек.-2014,,,,,,,,,,,,,,,,,,,,,,,,,,,,,
3-дек.-2014,,,,"billa, obed","9,34",,,,,,,,,,,,,,,,,,,,,Slovensky jazyk,"4,00",,
4-дек.-2014,,,,Lidl,"35,14",,,,,,,,,,,,,,,,,,,,,,,,
5-дек.-2014,,,,,,,,,,,,,,,,,,,,,,,,STK,"85,00",,,,
6-дек.-2014,,,,,,,,,,,,,,,,,,,,,,,,,,,,,
7-дек.-2014,,,,,,,,,,,,,,,,,,,,,,,,,,,,,
8-дек.-2014,,,,"Lidl, TESCO","10,89",,,,,,,,,,,,,,,,,,,,,,,,
9-дек.-2014,,,,obed,"4,90",,,,,,,,,"Paralen, Septolete","6,00",,,,,,,,,,,,,,
10-дек.-2014,,,,Billa,"2,07",,,,,,,,,,,,,,,,,,,,,Slovensky jazyk,"12,00",,
11-дек.-2014,,,,obed,"8,50",,,UPC,"15,80",,,,,,,Alza,"21,58",,,,,Pocitac v robote,"225,27",UNIQA poisťovňa,"36,21",,,,
12-дек.-2014,,,,Billa,"4,42",,,,,,,,,,,,,,,,,,,,,,,,
13-дек.-2014,,,,,,,,,,,,,,,,,,,,,,,,,,,,,
14-дек.-2014,,,,TESCO,"34,19",,,,,,,,,,,,,,,,,,,,,,,,
15-дек.-2014,,,,,,,,,,,,,,,,,,,,,,,,,,,,,
16-дек.-2014,,,,obed,"5,68",,,,,,,,,,,,,,,,,Katastranly urad,"11,00",,,,,,
17-дек.-2014,,,,,,,,,,,,,,,,Telefon,"319,00",,,,,,,,,,,,
18-дек.-2014,,,,,,,,,,,,,,,,,,,,,,,,,,,,,
19-дек.-2014,,,,,,,,,,,,,,,,,,,,,,,,,,,,,
20-дек.-2014,,,,Lidl,"12,77",,,,,,,,,,,,,"Zlaty bazant, vino","12,72",Cesta z Vynogradova,"100,00",,,,,,,,
21-дек.-2014,,Najomne,"440,00",TESCO,"20,48",,,,,,,,,,,,,Wienna,"28,00",,,,,Benzin,"20,00",,,,
22-дек.-2014,,,,,,,,,,,,,,,,,,,,,,,,,,,,,
23-дек.-2014,,,,,,,,,,,,,,,,,,,,,,,,,,,,,
24-дек.-2014,,,,,,,,,,,,,,,,,,,,,,,,,,,,,
25-дек.-2014,,,,,,,,,,,,,,,,,,,,,,,,,,,,,
26-дек.-2014,,,,Billa,"8,80",,,,,,,,,,,,,,,Cesta vlakom + darcek,"112,80",,,,,,,,
27-дек.-2014,,,,Billa,"1,84",,,,,,,,,,,,,,,,,"uces, kozmetika","30,00",,,,,,
28-дек.-2014,,,,Lidl,"10,52",,,,,,,,,,,,,,,,,ozdoby,"1,10",,,,,,
29-дек.-2014,,,,obed,"9,06",MHD,"26,90",,,,,,,,,,,,,,,,,,,,,,
30-дек.-2014,,,,Lidl + obed,"17,27",,,,,,,,,,,,,,,,,,,,,,,,
31-дек.-2014,,,,"obed, TERNO","16,48",,,,,,,Julia boty,"24,90",,,,,,,,,,,,,,,,
Декабрь,,,"440,00",,"216,16",,"26,90",,"15,80",,"0,00",,"24,90",,"6,00",,"340,58",,"40,72",,"212,80",,"267,37",,"141,21",,"36,00",,
1-янв.-2015,,,,,,,,,,,,,,,,,,,,,,,,,,,,,
2-янв.-2015,,,,,,,,,,,,,,,,,,,,,,,,,,,,,
3-янв.-2015,,,,TESCO,"36,60",,,,,,,,,DM,"2,48",,,,,,,,,,,,,,
4-янв.-2015,,,,Lidl,"1,56",,,,,,,,,,,,,,,,,Baumax,"0,99",,,,,,
5-янв.-2015,,,,Billa,"2,87",,,,,,,,,,,,,,,,,,,,,,,,
6-янв.-2015,,,,,,,,,,,,,,,,,,,,,,Baumax,"11,14",,,,,,
7-янв.-2015,,,,Moja Samoska,"4,02",,,,,,,,,,,,,,,,,Kolky,"9,00",,,,,,
8-янв.-2015,,,,Lidl,"10,68",,,,,,,,,,,,,,,,,,,,,,,,
9-янв.-2015,,,,Billa,"2,49",,,,,,,,,,,,,,,,,,,,,,,,
10-янв.-2015,,,,TESCO,"1,15",,,,,,,,,,,,,,,,,,,,,,,,
11-янв.-2015,,,,,,,,,,,,,,DM,"1,19",,,,,,,,,,,,,,
12-янв.-2015,,,,obed,"8,60",,,,,,,,,,,,,,,,,Salky 2 kusy,"6,58",,,SK,"12,00",,
13-янв.-2015,,,,"LIdl, obed","14,49",,,,,,,,,,,,,,,,,,,,,,,,
14-янв.-2015,,,,,,,,,,,,,,,,,,,,,,,,,,SK,"12,00",,
15-янв.-2015,,,,obed + pivo + kava + Tesco,"18,56",,,,,,,,,,,,,Golem,"15,00",,,,,,,,,,1800
16-янв.-2015,,,,obed,"1,20",,,UPS,"15,80",,,,,,,,,,,,,Sitko na caj,"2,80",,,,,,
17-янв.-2015,,,,Lidl,"16,80",,,,,,,,,,,,,,,,,Hornbach,"8,68",,,,,,
18-янв.-2015,,,,,,,,,,,,,,,,,,,,,,,,,,,,,
19-янв.-2015,,,,,,,,,,,,,,,,,,,,,,,,,,,,,
20-янв.-2015,,,,obed,"12,00",,,,,,,,,,,,,,,,,,,,,,,,
21-янв.-2015,,,,,,,,,,,,,,,,,,,,,,,,,,,,,
22-янв.-2015,,Najomne,"440,00",lidl,"11,93",,,,,,,,,,,,,,,,,,,,,,,,
23-янв.-2015,,,,,,,,,,,,,,,,,,,,,,,,,,,,,
24-янв.-2015,,,,,,,,,,,,"Kedy, nosky","52,00",,,,,U bažanta,"20,00",,,,,,,,,,
25-янв.-2015,,,,,,,,,,,,,,,,,,,,,,,,,,,,,
26-янв.-2015,,,,Billa,"2,14",,,,,,,,,,,,,,,,,,,,,,,,
27-янв.-2015,,,,,,,,,,,,genesis,"2,97",,,,,,,,,,,,,,,,
28-янв.-2015,,,,,,,,,,,,,,,,,,,,,,,,,,,,,
29-янв.-2015,,,,"obed, billa","9,50",,,,,,,,,,,,,,,,,,,,,,,,
30-янв.-2015,,,,,,,,,,,,,,,,,,,,,,,,,,,,,
31-янв.-2015,,,,Billa,"14,64",,,,,,,Rukavice,"36,00",,,,,,,,,,,,,,,,
Январь,,,"440,00",,"169,23",,"0,00",,"15,80",,"0,00",,"90,97",,"3,67",,"0,00",,"35,00",,"0,00",,"39,19",,"0,00",,"24,00",,
1-февр.-2015,,,,TESCO,"6,20",,,,,,,,,,,,,,,,,,,,,,,,
2-февр.-2015,,,,,,,,,,,,,,,,,,Semering,"160,00",,,,,,,,,,
3-февр.-2015,,,,Billa,"2,34",,,,,,,pancuchy,"1,95",,,,,,,,,,,,,,,,
4-февр.-2015,,,,,,,,,,,,,,,,,,,,,,,,,,,"12,00",,
5-февр.-2015,,,,Billa,"3,35",,,,,,,,,,,,,,,,,,,,,,,,
6-февр.-2015,,,,,,,,,,,,,,,,,,,,,,,,,,,,,
7-февр.-2015,,,,Tesco,"24,73",Benzin,"20,05",,,,,,,,,,,,,Hornbach,"35,00",,,,,,,,
8-февр.-2015,,,,Palacinky,"6,16",,,,,,,,,,,,,,,EURO,"50,00",,,,,,,,
9-февр.-2015,,,,obed,"6,50",,,,,,,,,,,,,Pivo,"4,00",,,,,,,,"12,00",,
10-февр.-2015,,,,,,,,,,,,,,,,,,,,,,,,,,,,,
11-февр.-2015,,,,obed + Lidl,"9,25",,,UPC,"15,80",,,,,,,,,,,,,,,,,,"12,00",,
12-февр.-2015,,,,Lidl,"3,33",,,,,,,,,,,,,,,,,DM,"6,75",,,,,,
13-февр.-2015,,,,obed,"3,50",,,,,,,,,,,,,bazen,"5,50",,,"prasok, kremy","20,20",,,,,,
14-февр.-2015,,,,Billa,"5,28",,,,,,,Terranova + Deichmann+takko Julia,"53,89",,,,,,,,,,,,,,,,
15-февр.-2015,,,,,,,,,,,,,,,,,,,,,,,,,,,,,1800
16-февр.-2015,,,,obed,"4,20",,,,,,,,,,,,,,,,,,,,,,,,
17-февр.-2015,,,,obed,"3,40",,,,,,,,,,,,,,,,,,,,,,,,
18-февр.-2015,,,,billa,"2,48",,,,,,,,,,,,,,,,,,,,,,,,
19-февр.-2015,,,,obed,"4,20",,,,,,,,,,,,,,,,,,,,,,,,
20-февр.-2015,,,,obed,"3,50",,,,,,,,,paralen 500,"1,47",,,cierny pes,"12,00",,,,,,,,,,
21-февр.-2015,,,,lidl,"9,14",,,,,,,,,,,,,,,rowachol,"16,34",,,,,,,,
22-февр.-2015,,Najomne,"440,00",LIdl,"10,05",,,,,,,,,,,,,,,EURO,"100,00",,,,,,,,
23-февр.-2015,,,,obed,"4,40",,,,,,,,,,,,,,,,,,,,,,,,
24-февр.-2015,,,,obed,"7,60",,,,,,,,,,,,,,,,,,,,,,,,
25-февр.-2015,,,,,,,,,,,,,,,,,,,,,,,,,,,"12,00",,
26-февр.-2015,,,,,,,,,,O2,"21,62",,,,,,,,,,,,,,,,,,
27-февр.-2015,,,,obed,"4,00",,,,,,,,,,,,,,,,,,,,,,,,
28-февр.-2015,,,,,,,,,,,,,,,,,,,,,,,,,,,,,
Февраль,,,"440,00",,"123,61",,"20,05",,"15,80",,"21,62",,"55,84",,"1,47",,"0,00",,"181,50",,"201,34",,"26,95",,"0,00",,"48,00",,
1-марта-2015,,,,Lidl,"8,99",,,,,,,,,,,,,pivo,"8,00",,,,,,,,,,
2-марта-2015,,,,Obed,"4,20",,,,,,,,,,,,,,,,,,,,,,,,
3-марта-2015,,,,Billa,"5,77",,,,,,,,,,,,,,,,,,,,,,,,
4-марта-2015,,,,Obed+lidl,"10,95",,,,,,,,,,,,,,,,,,,,,,,,
5-марта-2015,,,,,,,,,,,,,,,,,,,,,,,,,,,,,
6-марта-2015,,,,Obed,"4,30",,,,,,,,,,,,,,,,,,,,,,,,
7-марта-2015,,,,Tesco,"58,00",,,,,,,Lidl,"22,00",,,,,,,,,,,,,,,,
8-марта-2015,,,,m&m,"0,60",,,,,,,,,,,,,,,,,,,,,,,,
9-марта-2015,,,,,,,,,,,,,,,,,,,,,,,,,,,,,
10-марта-2015,,,,,,,,,,,,,,,,,,,,,,,,,,,,,
11-марта-2015,,,,Billa,"4,21",,,UPC,"15,80",,,,,,,,,,,,,,,,,,,,
12-марта-2015,,,,,,,,,,,,,,,,,,,,,,,,,,,,,
13-марта-2015,,,,,,,,,,,,,,,,,,,,,,,,,,,,,
14-марта-2015,,,,,,,,,,,,,,,,BauMax+Lidl pumpa,"12,00",,,,,,,,,,,,
15-марта-2015,,,,Tesco+Samoska,"5,85",,,,,,,,,,,,,,,,,,,,,,,,1800
16-марта-2015,,,,,,,,,,,,,,,,,,,,,,,,Uniqa,"36,21",,,,
17-марта-2015,,,,,,,,,,,,,,,,,,,,,,,,,,,,,
18-марта-2015,,,,Samoska+Obed,"9,33",,,,,,,,,,,,,,,,,,,,,,,,
19-марта-2015,,,,,,,,,,O2,"13,70",,,,,,,,,,,,,,,,,,
20-марта-2015,,,,Sluzobna cesta,"15,00",,,,,,,,,,,,,,,,,,,,,,,,
21-марта-2015,,,,Metro,"4,50",,,,,,,,,,,,,,,,,Metro,"4,79",,,,,,
22-марта-2015,,Najomne,"440,00",Tesco,"6,74",Benzin,"20,00",,,,,,,,,,,Cestovne listky,"110,00",,,,,Filter,"7,00",,,,
23-марта-2015,,,,Lidl,"5,43",,,,,,,,,,,,,,,,,,,,,,,,
24-марта-2015,,,,,,,,,,,,,,,,,,,,,,,,,,,,,
25-марта-2015,,,,,,,,,,,,,,,,,,,,,,,,,,,,,
26-марта-2015,,,,,,,,,,,,,,,,,,,,,,,,,,,,,
27-марта-2015,,,,,,,,,,,,,,,,,,,,,,,,,,,,,
28-марта-2015,,,,Tesco,"9,77",,,,,,,Topanky Julia,"59,00",,,,,Pivo,"6,60",,,Vanilla voniavka,"5,00",,,,,,
29-марта-2015,,,,Lidl,"29,26",,,,,,,,,,,,,,,,,,,,,,,,
30-марта-2015,,,,,,,,,,,,,,,,,,,,,,,,,,,,,
31-марта-2015,,,,obed,"1,20",,,,,,,,,,,,,,,,,,,,,,,,
Март,,,"440,00",,"184,10",,"20,00",,"15,80",,"13,70",,"81,00",,"0,00",,"12,00",,"124,60",,"0,00",,"9,79",,"43,21",,"0,00",,
1-апр.-2015,,,,,,,,,,,,,,,,,,,,,,,,,,,,,
2-апр.-2015,,,,,,,,,,,,,,,,,,,,,,DM,"11,86",,,,,,
3-апр.-2015,,,,,,,,,,,,,,,,,,,,,,,,,,,,,
4-апр.-2015,,,,Lidl+tesco,"14,45",,,,,,,,,,,,,,,,,,,,,,,,
5-апр.-2015,,,,,,,,,,,,,,,,,,,,,,,,,,,,,
6-апр.-2015,,,,Billa,"2,57",,,,,,,,,,,,,,,,,,,,,,,,
7-апр.-2015,,,,Samoska,"0,65",,,,,,,,,,,,,,,Strepfen,"6,83",,,,,,,,
8-апр.-2015,,,,Lidl,"9,31",,,,,,,,,,,,,,,,,,,,,,,,
9-апр.-2015,,,,,,,,,,,,,,,,,,,,,,,,,,,,,
10-апр.-2015,,,,,,,,,,,,,,,,,,,,,,,,,,,,,
11-апр.-2015,,,,Samoska + Tesco,"16,95",,,,,,,,,,,,,,,Tesco+Lidl,"14,66",,,,,,,,
12-апр.-2015,,,,billa,"6,00",,,,,,,,,,,,,central smoothie,"7,00",,,,,,,,,,
13-апр.-2015,,,,Lidl+med,"9,55",,,UPC,"13,80",,,,,,,,,,,,,vypis z katastra nehnutelnosti,"11,00",,,,,,
14-апр.-2015,,,,,,,,,,,,,,"Paralen, Olynth HA","6,22",,,,,,,,,,,,,,
15-апр.-2015,,,,Samoska,"9,02",,,,,,,,,,,,,,,,,,,,,,,,1800
16-апр.-2015,,,,Lidl,"6,12",,,,,,,,,,,,,,,,,,,,,,,,
17-апр.-2015,,,,,,,,,,,,,,,,,,,,,,,,,,,,,
18-апр.-2015,,,,Billa+tesco,"47,08",,,,,,,,,NO-SPA,"4,39",,,,,,,,,,,,,,
19-апр.-2015,,,,,,Benzin,"20,00",,,,,,,,,,,,,,,,,,,,,,
20-апр.-2015,,,,,,,,,,,,,,,,,,,,,,,,,,,,,
21-апр.-2015,,,,Obed,"4,00",,,,,,,,,,,,,,,,,,,,,,,,
22-апр.-2015,,,,,,,,,,,,,,,,,,,,,,,,,,,,,
23-апр.-2015,,,,,,,,,,,,,,,,,,,,,,Notar,"5,74",,,,,,
24-апр.-2015,,Najomne,"440,00",Lidl,"6,00",,,,,,,,,,,,,,,,,,,,,,,,
25-апр.-2015,,,,,,,,,,,,,,,,,,,,,,,,,,,,,
26-апр.-2015,,,,Lidl,"8,45",,,,,,,,,,,,,,,,,,,,,,,,
27-апр.-2015,,,,,,,,,,,,,,,,,,,,,,Cudzinecka policia,"199,90",,,,,,
28-апр.-2015,,,,,,,,,,,,,,,,,,,,,,,,,,,,,
29-апр.-2015,,,,,,,,,,,,,,,,,,,,,,,,,,,,,
30-апр.-2015,,,,,,,,,,,,,,,,,,,,Benfogamma,"12,34",,,,,,,,
Апрель,,,"440,00",,"140,15",,"20,00",,"13,80",,"0,00",,"0,00",,"10,61",,"0,00",,"7,00",,"33,83",,"228,50",,"0,00",,"0,00",,
1-мая-2015,,,,Tesco,"35,74",,,,,,,,,,,,,,,Tesco,"28,48",,,,,,,,
2-мая-2015,,,,Lidl,"6,94",,,,,,,,,,,,,,,,,Taska na kolieskach,"17,00",,,,,,
3-мая-2015,,,,,,,,,,,,,,,,,,,,,,,,,,,,,
4-мая-2015,,,,,,,,,,,,,,,,,,,,,,,,,,,,,
5-мая-2015,,,,Samoska,"3,50",,,,,,,,,,,,,,,,,,,,,,,,
6-мая-2015,,,,,,,,,,,,,,,,,,,,,,,,,,,,,
7-мая-2015,,,,,,,,,,,,,,,,,,,,,,,,,,,,,
8-мая-2015,,,,,,,,,,,,,,,,,,,,,,,,,,,,,
9-мая-2015,,,,"Lidl, billa","4,90",,,,,,,Ponoski,"1,00",,,,,Wien U-bahn,"4,40",,,DM,"6,95",,,,,,
10-мая-2015,,,,,,,,,,,,,,,,,,,,,,,,,,,,,
11-мая-2015,,,,Lidl,"4,40",,,,,,,,,,,,,,,,,,,,,,,,
12-мая-2015,,,,"My Bratislava, tesco","6,26",,,,,,,,,,,,,,,,,,,,,,,,
13-мая-2015,,,,"Samoska, obed","11,77",,,,,,,,,,,,,,,,,,,,,Slovencina,"12,00",,
14-мая-2015,,,,Lidl,"6,88",,,,,,,,,,,,,,,,,,,,,,,,
15-мая-2015,,,,obed,"4,20",,,,,,,,,,,,,,,,,,,,,,,,1800
16-мая-2015,,,,Tesco,"8,53",Benzin,"20,00",,,,,,,,,,,,,,,,,,,,,,
17-мая-2015,,,,,,,,,,,,,,,,,,,,,,,,,,,,,
18-мая-2015,,,,,,,,,,O2,"15,39",,,,,,,,,,,,,,,,,,
19-мая-2015,,,,Billa,"10,80",,,,,,,,,,,,,,,,,,,,,,,,
20-мая-2015,,Najomne,"440,00",,,,,,,,,,,,,,,,,,,,,,,Slovencina,"12,00",,
21-мая-2015,,,,Billa,"2,50",,,,,,,,,,,,,,,,,,,,,,,,
22-мая-2015,,,,,,,,,,,,,,,,,,,,,,,,,,,,,
23-мая-2015,,,,Lidl,"11,41",,,,,,,,,,,,,,,,,,,,,,,,
24-мая-2015,,,,,,,,,,,,,,,,,,,,,,,,,,,,,
25-мая-2015,,,,"Lidl, obed","10,97",,,,,,,,,,,,,,,,,,,,,,,,
26-мая-2015,,,,"Billa, obed","10,87",,,,,,,,,,,,,,,,,,,,,,,,
27-мая-2015,,,,,,,,,,,,,,,,,,,,,,,,,,Slovencina,"12,00",,
28-мая-2015,,,,,,,,,,,,,,,,Objektiv,"47,15",,,,,,,,,,,,
29-мая-2015,,,,,,,,,,,,,,,,,,,,,,Urichlena karticka,"24,50",,,,,,
30-мая-2015,,,,Napoj,"2,00",,,,,,,,,,,,,,,,,,,,,,,,
31-мая-2015,,,,,,,,,,,,,,,,,,Bokovka,"20,00",,,,,,,,,,
Май,,,"440,00",,"141,67",,"20,00",,"0,00",,"15,39",,"1,00",,"0,00",,"47,15",,"24,40",,"28,48",,"48,45",,"0,00",,"36,00",,
1-июня-2015,,,,"obed, Lidl","19,04",,,,,,,,,,,,,,,,,Speedminton ,"14,99",,,,,,
2-июня-2015,,,,,,,,,,,,,,,,,,,,,,,,,,,,,
3-июня-2015,,,,,,,,,,,,"Майки, шорти, плаття","44,95",,,,,,,,,,,,,,,,
4-июня-2015,,,,"My Bratislava, obed","13,78",,,,,,,,,,,,,,,,,,,,,,,,
5-июня-2015,,,,Lidl,"3,41",,,,,,,,,,,Hriankovac,"19,99",,,,,"Nafuk. postel, napinacia plachta","25,98",,,,,,
6-июня-2015,,,,Lidl,"21,55",,,,,,,,,,,,,Pivo,"4,00",,,,,,,,,,
7-июня-2015,,,,Lidl,"8,15",,,,,,,,,,,,,,,,,,,,,,,,
8-июня-2015,,,,,,,,,,,,,,,,,,,,,,,,,,,,,
9-июня-2015,,,,,,,,,,,,,,,,,,,,,,,,,,,,,
10-июня-2015,,,,,,,,UPC,"15,80",,,,,,,,,,,,,,,UNIQA,"36,21",,,,
11-июня-2015,,,,,,,,,,,,,,,,,,,,,,,,,,,,,
12-июня-2015,,,,,,,,,,,,,,,,,,,,,,,,,,,,,
13-июня-2015,,,,,,,,,,,,,,,,,,,,,,,,,,,,,
14-июня-2015,,,,,,,,,,,,,,,,,,,,,,,,,,,,,
15-июня-2015,,,,,,,,,,,,,,,,,,,,,,,,,,,,,
16-июня-2015,,,,,,,,,,,,,,,,,,,,,,,,,,,,,
17-июня-2015,,,,,,,,,,,,,,,,,,,,,,,,,,,,,
18-июня-2015,,,,,,,,,,,,,,,,,,,,,,,,,,,,,
19-июня-2015,,,,,,,,,,O2,"15,56",,,,,,,,,,,,,,,,,,
20-июня-2015,,,,,,,,,,,,,,,,,,,,,,,,,,,,,
21-июня-2015,,,,,,,,,,,,,,,,,,,,,,,,,,,,,
22-июня-2015,,,,,,,,,,,,,,,,,,,,,,,,,,,,,
23-июня-2015,,,,,,,,,,,,,,,,,,,,,,,,,,,,,
24-июня-2015,,,,,,,,,,,,,,,,,,,,,,,,,,,,,
25-июня-2015,,,,,,,,,,,,,,,,,,,,,,,,,,,,,
26-июня-2015,,,,,,,,,,,,,,,,,,,,,,,,,,,,,
27-июня-2015,,,,,,,,,,,,,,,,,,,,,,,,,,,,,
28-июня-2015,,,,,,,,,,,,,,,,,,,,,,,,,,,,,
29-июня-2015,,,,,,,,,,,,,,,,,,,,,,,,,,,,,
30-июня-2015,,,,,,,,,,,,,,,,,,,,,,,,,,,,,
Июня,,,"0,00",,"65,93",,"0,00",,"15,80",,"15,56",,"44,95",,"0,00",,"19,99",,"4,00",,"0,00",,"40,97",,"36,21",,"0,00",,
1-июля-2015,,,,,,,,,,,,,,,,,,,,,,,,,,,,,
2-июля-2015,,,,,,,,,,,,,,,,,,,,,,,,,,,,,
